gameId,playId,nflId_x,displayName,frameId,frameType,time,club,playDirection,x,y,s,a,dis,o,dir,event,nflId_y,position,wasRunningRoute,motion_one,motion_two,motion_three,motion_four,motion_five,motion_six,didBlock,distanceToFootball,distanceToTeammate,nearestTeammatePosition,distanceToDefender,nearestDefenderPosition,orientation,position_encoded,nearestTeammatePosition_encoded,orientation_encoded,nearestDefenderPosition_encoded,prediction
2022103007,1507,44912,Jonnu Smith,1,BEFORE_SNAP,2022-10-30 18:01:04.7,NE,left,78.35,22.53,0.83,0.5,0.09,268.12,207.02,huddle_break_offense,44912.0,TE,1,1.0,0.0,0.0,0.0,3.0,0.0,0,5.391666584438333,0.6403124237432862,RB,8.890005624295174,DE,Forward,0,9,2,3,0.11243155
2022103007,1507,44912,Jonnu Smith,2,BEFORE_SNAP,2022-10-30 18:01:04.8,NE,left,78.32,22.45,0.81,0.41,0.09,271.43,206.66,0,44912.0,TE,1,1.0,0.0,0.0,0.0,3.0,0.0,0,5.377524413156725,0.6191122676865654,RB,8.86102138582228,DE,Forward,0,9,2,3,0.113984704
2022103007,1507,44912,Jonnu Smith,3,BEFORE_SNAP,2022-10-30 18:01:04.9,NE,left,78.28,22.38,0.8,0.34,0.08,276.53,208.79,0,44912.0,TE,1,1.0,0.0,0.0,0.0,3.0,0.0,0,5.352800119780693,0.6132699242584806,RB,8.834642041418544,DE,Forward,0,9,2,3,0.11325088
2022103007,1507,44912,Jonnu Smith,4,BEFORE_SNAP,2022-10-30 18:01:05,NE,left,78.24,22.31,0.77,0.31,0.08,279.97,209.72,0,44912.0,TE,1,1.0,0.0,0.0,0.0,3.0,0.0,0,5.329180934304228,0.6264183905346411,RB,8.786375817138705,DE,Forward,0,9,2,3,0.11272536
2022103007,1507,44912,Jonnu Smith,5,BEFORE_SNAP,2022-10-30 18:01:05.1,NE,left,78.2,22.25,0.72,0.36,0.07,281.73,210.1,0,44912.0,TE,1,1.0,0.0,0.0,0.0,3.0,0.0,0,5.304278436283679,0.6609841147864215,RB,8.747776860437169,DE,Forward,0,9,2,3,0.106326774
2022103007,1507,44912,Jonnu Smith,6,BEFORE_SNAP,2022-10-30 18:01:05.2,NE,left,78.17,22.19,0.67,0.39,0.07,285.41,211.92,0,44912.0,TE,1,1.0,0.0,0.0,0.0,3.0,0.0,0,5.289921546456159,0.6818357573492241,RB,8.72147923233209,DE,Forward,0,9,2,3,0.10275862
2022103007,1507,44912,Jonnu Smith,7,BEFORE_SNAP,2022-10-30 18:01:05.3,NE,left,78.13,22.13,0.68,0.31,0.07,290.58,214.65,0,44912.0,TE,1,1.0,0.0,0.0,0.0,3.0,0.0,0,5.26673240887871,0.7100704190430772,RB,8.685580003661231,DE,Inside,0,9,3,3,0.1201846
2022103007,1507,44912,Jonnu Smith,8,BEFORE_SNAP,2022-10-30 18:01:05.4,NE,left,78.09,22.07,0.67,0.24,0.07,297.08,214.57,0,44912.0,TE,1,1.0,0.0,0.0,0.0,3.0,0.0,0,5.2444323397109125,0.7632168761236783,RB,8.645513287249065,DE,Inside,0,9,3,3,0.122607164
2022103007,1507,44912,Jonnu Smith,9,BEFORE_SNAP,2022-10-30 18:01:05.5,NE,left,78.04,22.02,0.68,0.25,0.07,304.08,219.13,0,44912.0,TE,1,1.0,0.0,0.0,0.0,3.0,0.0,0,5.223034837946017,0.8188406438373592,RB,8.605655117421344,DE,Inside,0,9,3,3,0.123805724
2022103007,1507,44912,Jonnu Smith,10,BEFORE_SNAP,2022-10-30 18:01:05.6,NE,left,78.0,21.97,0.67,0.3,0.07,310.71,223.01,0,44912.0,TE,1,1.0,0.0,0.0,0.0,3.0,0.0,0,5.1995377737164725,0.8668333173107682,RB,8.578420600553466,DE,Inside,0,9,3,3,0.12199336
2022103007,1507,44912,Jonnu Smith,11,BEFORE_SNAP,2022-10-30 18:01:05.7,NE,left,77.95,21.92,0.62,0.36,0.06,316.11,225.57,0,44912.0,TE,1,1.0,0.0,0.0,0.0,3.0,0.0,0,5.167222969886412,0.9167878707749141,RB,8.547678047282789,DE,Inside,0,9,3,3,0.11477832
2022103007,1507,44912,Jonnu Smith,12,BEFORE_SNAP,2022-10-30 18:01:05.8,NE,left,77.91,21.88,0.59,0.47,0.06,322.14,231.11,0,44912.0,TE,1,1.0,0.0,0.0,0.0,3.0,0.0,0,5.13872480137145,0.9656603957914053,RB,8.530427890791872,NT,Inside,0,9,3,9,0.06032804
2022103007,1507,44912,Jonnu Smith,13,BEFORE_SNAP,2022-10-30 18:01:05.9,NE,left,77.87,21.85,0.49,0.61,0.05,326.8,233.81,0,44912.0,TE,1,1.0,0.0,0.0,0.0,3.0,0.0,0,5.1105569838265295,1.015332457867863,RB,8.477859399636214,NT,Steep Inside,0,9,5,9,0.07223943
2022103007,1507,44912,Jonnu Smith,14,BEFORE_SNAP,2022-10-30 18:01:06,NE,left,77.83,21.83,0.38,0.7,0.04,331.22,233.85,0,44912.0,TE,1,1.0,0.0,0.0,0.0,3.0,0.0,0,5.079389016061952,1.0594810050208596,RB,8.42606076408187,NT,Steep Inside,0,9,5,9,0.06433206
2022103007,1507,44912,Jonnu Smith,15,BEFORE_SNAP,2022-10-30 18:01:06.1,NE,left,77.81,21.81,0.31,0.71,0.03,334.94,237.33,0,44912.0,TE,1,1.0,0.0,0.0,0.0,3.0,0.0,0,5.067247066348993,1.0846658471621582,RB,8.405486303599572,NT,Steep Inside,0,9,5,9,0.060075503
2022103007,1507,44912,Jonnu Smith,16,BEFORE_SNAP,2022-10-30 18:01:06.2,NE,left,77.78,21.79,0.23,0.69,0.03,334.94,243.13,0,44912.0,TE,1,1.0,0.0,0.0,0.0,3.0,0.0,0,5.0424192713573,1.1194641575325244,RB,8.384920989490602,NT,Steep Inside,0,9,5,9,0.05742517
2022103007,1507,44912,Jonnu Smith,17,BEFORE_SNAP,2022-10-30 18:01:06.3,NE,left,77.76,21.78,0.19,0.56,0.02,331.56,245.57,0,44912.0,TE,1,1.0,0.0,0.0,0.0,3.0,0.0,0,5.027056012156045,1.144901742508935,RB,8.35380152984257,NT,Steep Inside,0,9,5,9,0.056746136
2022103007,1507,44912,Jonnu Smith,18,BEFORE_SNAP,2022-10-30 18:01:06.4,NE,left,77.74,21.77,0.19,0.37,0.02,328.38,249.04,0,44912.0,TE,1,1.0,0.0,0.0,0.0,3.0,0.0,0,5.011745423557833,1.1765202930676542,RB,8.33326466638375,NT,Steep Inside,0,9,5,9,0.05966748
2022103007,1507,44912,Jonnu Smith,19,BEFORE_SNAP,2022-10-30 18:01:06.5,NE,left,77.73,21.76,0.21,0.15,0.02,326.3,236.11,0,44912.0,TE,1,1.0,0.0,0.0,0.0,3.0,0.0,0,5.005855792313752,1.189285499785471,RB,8.332160584146235,NT,Steep Inside,0,9,5,9,0.0641436
2022103007,1507,44912,Jonnu Smith,20,BEFORE_SNAP,2022-10-30 18:01:06.6,NE,left,77.7,21.74,0.29,0.25,0.03,324.34,232.48,0,44912.0,TE,1,1.0,0.0,0.0,0.0,3.0,0.0,0,4.984826203342305,1.2277621919573771,RB,8.290645330732707,NT,Steep Inside,0,9,5,9,0.06655765
2022103007,1507,44912,Jonnu Smith,21,BEFORE_SNAP,2022-10-30 18:01:06.7,NE,left,77.68,21.72,0.35,0.37,0.03,324.34,231.31,0,44912.0,TE,1,1.0,0.0,0.0,0.0,3.0,0.0,0,4.973297932288438,1.2664912159189985,RB,8.268736300064242,NT,Steep Inside,0,9,5,9,0.06645703
2022103007,1507,44912,Jonnu Smith,22,BEFORE_SNAP,2022-10-30 18:01:06.8,NE,left,77.65,21.7,0.38,0.36,0.04,324.34,229.99,0,44912.0,TE,1,1.0,0.0,0.0,0.0,3.0,0.0,0,4.948948530631449,1.301729618622848,RB,8.237438922383587,NT,Steep Inside,0,9,5,9,0.06906765
2022103007,1507,44912,Jonnu Smith,23,BEFORE_SNAP,2022-10-30 18:01:06.9,NE,left,77.61,21.67,0.44,0.35,0.05,324.34,228.93,0,44912.0,TE,1,1.0,0.0,0.0,0.0,3.0,0.0,0,4.922782915392603,1.3669308687713546,RB,8.195864810988525,NT,Steep Inside,0,9,5,9,0.072834425
2022103007,1507,44912,Jonnu Smith,24,BEFORE_SNAP,2022-10-30 18:01:07,NE,left,77.57,21.63,0.55,0.45,0.06,324.94,230.24,0,44912.0,TE,1,1.0,0.0,0.0,0.0,3.0,0.0,0,4.9007950074782185,1.4326548781894433,RB,8.123847610584521,NT,Steep Inside,0,9,5,9,0.07661773
2022103007,1507,44912,Jonnu Smith,25,BEFORE_SNAP,2022-10-30 18:01:07.1,NE,left,77.53,21.59,0.57,0.34,0.06,323.3,225.43,0,44912.0,TE,1,1.0,0.0,0.0,0.0,3.0,0.0,0,4.870161461005113,1.5030635382444746,RB,8.063001922361178,NT,Inside,0,9,3,9,0.05851127
2022103007,1507,44912,Jonnu Smith,26,BEFORE_SNAP,2022-10-30 18:01:07.2,NE,left,77.49,21.55,0.56,0.24,0.05,321.67,221.36,0,44912.0,TE,1,1.0,0.0,0.0,0.0,3.0,0.0,0,4.849337367146156,1.5652475842498574,RB,7.982261584287992,NT,Inside,0,9,3,9,0.058081537
2022103007,1507,44912,Jonnu Smith,27,BEFORE_SNAP,2022-10-30 18:01:07.3,NE,left,77.46,21.52,0.51,0.19,0.05,320.64,220.16,0,44912.0,TE,1,1.0,0.0,0.0,0.0,3.0,0.0,0,4.834094856692976,1.6236070953281876,RB,7.941819690725795,NT,Inside,0,9,3,9,0.05680703
2022103007,1507,44912,Jonnu Smith,28,BEFORE_SNAP,2022-10-30 18:01:07.4,NE,left,77.44,21.48,0.44,0.5,0.05,320.64,218.08,0,44912.0,TE,1,1.0,0.0,0.0,0.0,3.0,0.0,0,4.832439674282114,1.730462365958886,RB,7.9114221224758285,NT,Inside,0,9,3,9,0.049367577
2022103007,1507,44912,Jonnu Smith,29,BEFORE_SNAP,2022-10-30 18:01:07.5,NE,left,77.41,21.45,0.35,0.74,0.04,322.3,215.05,0,44912.0,TE,1,1.0,0.0,0.0,0.0,3.0,0.0,0,4.81364440469418,1.8943336559328792,RB,7.8116387525281805,NT,Inside,0,9,3,9,0.041952375
2022103007,1507,44912,Jonnu Smith,30,BEFORE_SNAP,2022-10-30 18:01:07.6,NE,left,77.4,21.42,0.25,0.91,0.03,323.98,201.33,0,44912.0,TE,1,1.0,0.0,0.0,0.0,3.0,0.0,0,4.817403086949016,2.106798519080543,RB,7.791444025339597,NT,Inside,0,9,3,9,0.03602115
2022103007,1507,44912,Jonnu Smith,31,BEFORE_SNAP,2022-10-30 18:01:07.7,NE,left,77.39,21.41,0.16,0.85,0.02,327.13,193.59,0,44912.0,TE,1,1.0,0.0,0.0,0.0,3.0,0.0,0,4.803677777540388,2.3241772737895836,QB,7.751864291897788,NT,Steep Inside,0,8,5,9,0.010609257
2022103007,1507,44912,Jonnu Smith,32,BEFORE_SNAP,2022-10-30 18:01:07.8,NE,left,77.39,21.4,0.08,0.77,0.01,327.13,182.72,0,44912.0,TE,1,1.0,0.0,0.0,0.0,3.0,0.0,0,4.808016242262263,2.328196727083003,QB,7.732095446901833,NT,Steep Inside,0,8,5,9,0.010083775
2022103007,1507,44912,Jonnu Smith,33,BEFORE_SNAP,2022-10-30 18:01:07.9,NE,left,77.39,21.39,0.04,0.64,0.01,327.13,133.07,0,44912.0,TE,1,1.0,0.0,0.0,0.0,3.0,0.0,0,4.812371575562312,2.323122898169619,QB,7.722098160474262,NT,Steep Inside,0,8,5,9,0.010215016
2022103007,1507,44912,Jonnu Smith,34,BEFORE_SNAP,2022-10-30 18:01:08,NE,left,77.39,21.39,0.06,0.47,0.0,327.13,92.44,0,44912.0,TE,1,1.0,0.0,0.0,0.0,3.0,0.0,0,4.808016142769441,2.286678814350629,QB,7.702343799130238,NT,Steep Inside,0,8,5,9,0.010662932
2022103007,1507,44912,Jonnu Smith,35,BEFORE_SNAP,2022-10-30 18:01:08.1,NE,left,77.4,21.38,0.11,0.32,0.01,325.74,97.07,0,44912.0,TE,1,1.0,0.0,0.0,0.0,3.0,0.0,0,4.821371098432938,2.2685017081765637,QB,7.67315450124654,NT,Steep Inside,0,8,5,9,0.011760332
2022103007,1507,44912,Jonnu Smith,36,BEFORE_SNAP,2022-10-30 18:01:08.2,NE,left,77.42,21.37,0.18,0.32,0.02,325.11,131.96,0,44912.0,TE,1,1.0,0.0,0.0,0.0,3.0,0.0,0,4.843729901357565,2.251088625532098,QB,7.624099946878981,NT,Steep Inside,0,8,5,9,0.012550785
2022103007,1507,44912,Jonnu Smith,37,BEFORE_SNAP,2022-10-30 18:01:08.3,NE,left,77.42,21.35,0.24,0.32,0.02,323.91,154.23,0,44912.0,TE,1,1.0,0.0,0.0,0.0,3.0,0.0,0,4.8524755887067395,2.2461522655421184,QB,7.534839082555116,NT,Inside,0,8,3,9,0.009401419
2022103007,1507,44912,Jonnu Smith,38,BEFORE_SNAP,2022-10-30 18:01:08.4,NE,left,77.43,21.31,0.32,0.28,0.04,321.06,165.83,0,44912.0,TE,1,1.0,0.0,0.0,0.0,3.0,0.0,0,4.879120755956128,2.2594247055389967,QB,7.455259888159503,NT,Inside,0,8,3,9,0.010405008
2022103007,1507,44912,Jonnu Smith,39,BEFORE_SNAP,2022-10-30 18:01:08.5,NE,left,77.42,21.27,0.38,0.2,0.04,315.67,184.53,0,44912.0,TE,1,1.0,0.0,0.0,0.0,3.0,0.0,0,4.88812021801353,2.2908513701242157,QB,7.345726648875525,NT,Inside,0,8,3,9,0.010974393
2022103007,1507,44912,Jonnu Smith,40,BEFORE_SNAP,2022-10-30 18:01:08.6,NE,left,77.39,21.2,0.54,0.15,0.08,309.01,194.65,0,44912.0,TE,1,1.0,0.0,0.0,0.0,3.0,0.0,0,4.893599805376543,2.362117693934831,QB,7.205060721465159,NT,Inside,0,8,3,9,0.013302634
2022103007,1507,44912,Jonnu Smith,41,BEFORE_SNAP,2022-10-30 18:01:08.7,NE,left,77.35,21.1,0.72,0.07,0.11,304.59,198.9,0,44912.0,TE,1,1.0,0.0,0.0,0.0,3.0,0.0,0,4.90596766890244,2.4648326515201817,QB,7.053750775296782,NT,Inside,0,8,3,9,0.016037436
2022103007,1507,44912,Jonnu Smith,42,BEFORE_SNAP,2022-10-30 18:01:08.8,NE,left,77.3,21.01,0.78,0.14,0.1,303.11,202.26,0,44912.0,TE,1,1.0,0.0,0.0,0.0,3.0,0.0,0,4.906986696719075,2.558534736914864,QB,6.8923508326259775,NT,Inside,0,8,3,9,0.01570385
2022103007,1507,44912,Jonnu Smith,43,BEFORE_SNAP,2022-10-30 18:01:08.9,NE,left,77.24,20.92,0.85,0.26,0.11,300.26,205.53,0,44912.0,TE,1,1.0,0.0,0.0,0.0,3.0,0.0,0,4.901634224053417,2.6656331330473853,QB,6.731456008918119,NT,Inside,0,8,3,9,0.015934117
2022103007,1507,44912,Jonnu Smith,44,BEFORE_SNAP,2022-10-30 18:01:09,NE,left,77.19,20.81,0.92,0.26,0.12,286.67,206.46,0,44912.0,TE,1,1.0,0.0,0.0,0.0,3.0,0.0,0,4.917907860214865,2.645184303597766,T,6.58037232989137,NT,Forward,0,11,2,9,0.5195437
2022103007,1507,44912,Jonnu Smith,45,BEFORE_SNAP,2022-10-30 18:01:09.1,NE,left,77.13,20.7,1.08,1.04,0.13,275.22,208.35,0,44912.0,TE,1,1.0,0.0,0.0,0.0,3.0,0.0,0,4.928825146816062,2.5600781238079358,T,6.420000000000002,NT,Forward,0,11,2,9,0.5201794
2022103007,1507,44912,Jonnu Smith,46,BEFORE_SNAP,2022-10-30 18:01:09.2,NE,left,77.06,20.59,1.25,1.46,0.12,265.8,211.6,0,44912.0,TE,1,1.0,0.0,0.0,0.0,3.0,0.0,0,4.934786407270486,2.4780839372386065,T,6.260511161239157,NT,Forward,0,11,2,9,0.5198555
2022103007,1507,44912,Jonnu Smith,47,BEFORE_SNAP,2022-10-30 18:01:09.3,NE,left,76.99,20.48,1.43,1.55,0.14,259.64,214.42,0,44912.0,TE,1,1.0,0.0,0.0,0.0,3.0,0.0,0,4.944180057691731,2.401332963168573,T,6.112364517925938,NT,Forward,0,11,2,9,0.52039266
2022103007,1507,44912,Jonnu Smith,48,BEFORE_SNAP,2022-10-30 18:01:09.4,NE,left,76.9,20.35,1.61,1.48,0.15,257.07,215.46,0,44912.0,TE,1,1.0,0.0,0.0,0.0,3.0,0.0,0,4.9540403595858,2.291396953825336,T,5.956122900008027,NT,Forward,0,11,2,9,0.5211864
2022103007,1507,44912,Jonnu Smith,49,BEFORE_SNAP,2022-10-30 18:01:09.5,NE,left,76.8,20.22,1.76,1.33,0.17,253.58,217.34,0,44912.0,TE,1,1.0,0.0,0.0,0.0,3.0,0.0,0,4.9613723179282925,2.210972636646599,T,5.802456376397837,NT,Forward,0,11,2,9,0.52201897
2022103007,1507,44912,Jonnu Smith,50,BEFORE_SNAP,2022-10-30 18:01:09.6,NE,left,76.68,20.07,1.88,1.11,0.18,253.58,218.71,0,44912.0,TE,1,1.0,0.0,0.0,0.0,3.0,0.0,0,4.973179521577581,2.1144266362302693,T,5.634048278103424,NT,Forward,0,11,2,9,0.52299047
2022103007,1507,44912,Jonnu Smith,51,BEFORE_SNAP,2022-10-30 18:01:09.7,NE,left,76.56,19.92,2.0,0.87,0.2,252.36,218.49,0,44912.0,TE,1,1.0,0.0,0.0,0.0,3.0,0.0,0,4.99949151970811,2.052315765178452,T,5.478695100112797,NT,Forward,0,11,2,9,0.5235053
2022103007,1507,44912,Jonnu Smith,52,BEFORE_SNAP,2022-10-30 18:01:09.8,NE,left,76.44,19.76,2.09,0.61,0.21,252.36,218.23,0,44912.0,TE,1,1.0,0.0,0.0,0.0,3.0,0.0,0,5.033618459563023,1.9967223141939432,T,5.3373026895614615,NT,Forward,0,11,2,9,0.5237041
2022103007,1507,44912,Jonnu Smith,53,BEFORE_SNAP,2022-10-30 18:01:09.9,NE,left,76.31,19.6,2.09,0.24,0.21,254.31,219.0,0,44912.0,TE,1,1.0,0.0,0.0,0.0,3.0,0.0,0,5.068985508802117,1.98116127561589,T,5.1903949753366545,NT,Forward,0,11,2,9,0.523428
2022103007,1507,44912,Jonnu Smith,54,BEFORE_SNAP,2022-10-30 18:01:10,NE,left,76.17,19.44,2.09,0.15,0.21,254.31,219.9,0,44912.0,TE,1,1.0,0.0,0.0,0.0,3.0,0.0,0,5.1063307111476774,1.9665706191235592,T,4.954351622563752,DE,Forward,0,11,2,3,0.51950103
2022103007,1507,44912,Jonnu Smith,55,BEFORE_SNAP,2022-10-30 18:01:10.1,NE,left,76.03,19.28,2.05,0.43,0.21,251.49,221.82,0,44912.0,TE,1,1.0,0.0,0.0,0.0,3.0,0.0,0,5.152185223259548,1.9679684956827912,T,4.730803314448833,DE,Outside,0,11,4,3,0.5093366
2022103007,1507,44912,Jonnu Smith,56,BEFORE_SNAP,2022-10-30 18:01:10.2,NE,left,75.9,19.13,2.01,0.6,0.2,249.66,223.24,0,44912.0,TE,1,1.0,0.0,0.0,0.0,3.0,0.0,0,5.203384655331944,2.001124683771605,T,4.5069390943299865,DE,Outside,0,11,4,3,0.50710785
2022103007,1507,44912,Jonnu Smith,57,BEFORE_SNAP,2022-10-30 18:01:10.3,NE,left,75.76,18.99,1.95,0.69,0.2,249.66,223.99,0,44912.0,TE,1,1.0,0.0,0.0,0.0,3.0,0.0,0,5.247857765189839,2.001249609618955,T,4.288053171312135,DE,Outside,0,11,4,3,0.50952333
2022103007,1507,44912,Jonnu Smith,58,BEFORE_SNAP,2022-10-30 18:01:10.4,NE,left,75.63,18.85,1.9,0.72,0.19,248.07,225.14,0,44912.0,TE,1,1.0,0.0,0.0,0.0,3.0,0.0,0,5.304197434561679,2.025141970331955,T,4.089999999999997,DE,Outside,0,11,4,3,0.5107579
2022103007,1507,44912,Jonnu Smith,59,BEFORE_SNAP,2022-10-30 18:01:10.5,NE,left,75.5,18.72,1.83,0.72,0.19,248.07,223.43,0,44912.0,TE,1,1.0,0.0,0.0,0.0,3.0,0.0,0,5.357845623992527,2.0651876428063414,T,3.887312696452391,DE,Outside,0,11,4,3,0.53357613
2022103007,1507,44912,Jonnu Smith,60,BEFORE_SNAP,2022-10-30 18:01:10.6,NE,left,75.38,18.58,1.76,0.74,0.18,249.65,222.33,0,44912.0,TE,1,1.0,0.0,0.0,0.0,3.0,0.0,0,5.430516465356814,2.1513948963405096,T,3.7107950630558886,DE,Outside,0,11,4,3,0.5729948
2022103007,1507,44912,Jonnu Smith,61,BEFORE_SNAP,2022-10-30 18:01:10.7,NE,left,75.26,18.45,1.69,0.76,0.17,251.43,221.5,0,44912.0,TE,1,1.0,0.0,0.0,0.0,3.0,0.0,0,5.508403647354943,2.2228360263411258,T,3.552252806318828,DE,Outside,0,11,4,3,0.6060478
2022103007,1507,44912,Jonnu Smith,62,BEFORE_SNAP,2022-10-30 18:01:10.8,NE,left,75.15,18.33,1.62,0.76,0.17,253.26,221.69,0,44912.0,TE,1,1.0,0.0,0.0,0.0,3.0,0.0,0,5.576469331493171,2.3117309532036865,T,3.4068900774753588,DE,Forward,0,11,2,3,0.5999473
2022103007,1507,44912,Jonnu Smith,63,BEFORE_SNAP,2022-10-30 18:01:10.9,NE,left,75.05,18.21,1.51,0.86,0.16,254.5,221.58,0,44912.0,TE,1,1.0,0.0,0.0,0.0,3.0,0.0,0,5.651920887344637,2.4085265205099966,T,3.2852549368351918,DE,Forward,0,11,2,3,0.63261324
2022103007,1507,44912,Jonnu Smith,64,BEFORE_SNAP,2022-10-30 18:01:11,NE,left,74.95,18.1,1.43,0.84,0.15,254.5,220.91,0,44912.0,TE,1,1.0,0.0,0.0,0.0,3.0,0.0,0,5.721198233632651,2.4947945807220253,T,3.159446153995982,DE,Forward,0,11,2,3,0.6606333
2022103007,1507,44912,Jonnu Smith,65,BEFORE_SNAP,2022-10-30 18:01:11.1,NE,left,74.86,18.0,1.31,0.92,0.13,257.48,223.04,0,44912.0,TE,1,1.0,0.0,0.0,0.0,3.0,0.0,0,5.787055277865268,2.5843567865138137,T,3.067898303399253,DE,Forward,0,11,2,3,0.6860014
2022103007,1507,44912,Jonnu Smith,66,BEFORE_SNAP,2022-10-30 18:01:11.2,NE,left,74.77,17.91,1.22,0.92,0.13,262.15,222.31,0,44912.0,TE,1,1.0,0.0,0.0,0.0,3.0,0.0,0,5.845699987992467,2.6816412884649568,T,2.9616887074775367,DE,Forward,0,11,2,3,0.71206754
2022103007,1507,44912,Jonnu Smith,67,BEFORE_SNAP,2022-10-30 18:01:11.3,NE,left,74.7,17.82,1.08,1.02,0.11,265.23,221.53,0,44912.0,TE,1,1.0,0.0,0.0,0.0,3.0,0.0,0,5.912022328088612,2.773175075612787,T,2.890069203323686,DE,Forward,0,11,2,3,0.73363113
2022103007,1507,44912,Jonnu Smith,68,BEFORE_SNAP,2022-10-30 18:01:11.4,NE,left,74.64,17.75,0.96,1.04,0.1,269.84,220.08,0,44912.0,TE,1,1.0,0.0,0.0,0.0,3.0,0.0,0,5.963129020476543,2.838538356267181,T,2.8225520367213854,DE,Forward,0,11,2,3,0.7508025
2022103007,1507,44912,Jonnu Smith,69,BEFORE_SNAP,2022-10-30 18:01:11.5,NE,left,74.59,17.68,0.8,1.15,0.08,273.73,216.73,0,44912.0,TE,1,1.0,0.0,0.0,0.0,3.0,0.0,0,6.017749369216777,2.9155616954542403,T,2.7687542325024133,DE,Forward,0,11,2,3,0.7687172
2022103007,1507,44912,Jonnu Smith,70,BEFORE_SNAP,2022-10-30 18:01:11.6,NE,left,74.55,17.63,0.61,1.39,0.07,279.85,212.95,0,44912.0,TE,1,1.0,0.0,0.0,0.0,3.0,0.0,0,6.056154495667727,2.9533201655086425,T,2.716615541441228,DE,Forward,0,11,2,3,0.78669524
2022103007,1507,44912,Jonnu Smith,71,BEFORE_SNAP,2022-10-30 18:01:11.7,NE,left,74.52,17.59,0.45,1.4,0.05,281.28,213.27,0,44912.0,TE,1,1.0,0.0,0.0,0.0,3.0,0.0,0,6.090073154555811,2.992022727186408,T,2.6672082783314845,DE,Forward,0,11,2,3,0.7811445
2022103007,1507,44912,Jonnu Smith,72,BEFORE_SNAP,2022-10-30 18:01:11.8,NE,left,74.5,17.56,0.26,1.45,0.03,281.9,219.15,0,44912.0,TE,1,1.0,0.0,0.0,0.0,3.0,0.0,0,6.114416664728673,3.0213407619796877,T,2.6403787607083897,DE,Forward,0,11,2,3,0.7608029
2022103007,1507,44912,Jonnu Smith,73,BEFORE_SNAP,2022-10-30 18:01:11.9,NE,left,74.48,17.55,0.2,1.43,0.02,284.61,269.29,0,44912.0,TE,1,1.0,0.0,0.0,0.0,3.0,0.0,0,6.11942736471167,3.0308084729985802,T,2.600499951932317,DE,Forward,0,11,2,3,0.758398
2022103007,1507,44912,Jonnu Smith,74,BEFORE_SNAP,2022-10-30 18:01:12,NE,left,74.45,17.56,0.29,1.4,0.03,282.37,303.51,0,44912.0,TE,1,1.0,0.0,0.0,0.0,3.0,0.0,0,6.102752776828462,3.0102657689978156,T,2.5500196077677613,DE,Forward,0,11,2,3,0.78830504
2022103007,1507,44912,Jonnu Smith,75,BEFORE_SNAP,2022-10-30 18:01:12.1,NE,left,74.43,17.58,0.38,1.27,0.03,282.97,319.31,0,44912.0,TE,1,1.0,0.0,0.0,0.0,3.0,0.0,0,6.07871627707346,2.990066888883928,T,2.5154323684011093,DE,Forward,0,11,2,3,0.813917
2022103007,1507,44912,Jonnu Smith,76,BEFORE_SNAP,2022-10-30 18:01:12.2,NE,left,74.4,17.61,0.39,0.75,0.04,282.37,319.73,0,44912.0,TE,1,1.0,0.0,0.0,0.0,3.0,0.0,0,6.042730488799188,2.950067795831139,T,2.457030728338578,DE,Forward,0,11,2,3,0.858583
2022103007,1507,44912,Jonnu Smith,77,BEFORE_SNAP,2022-10-30 18:01:12.3,NE,left,74.38,17.64,0.44,0.49,0.04,281.69,320.38,0,44912.0,TE,1,1.0,0.0,0.0,0.0,3.0,0.0,0,6.009034188813835,2.920154105522513,T,2.425530869727284,DE,Forward,0,11,2,3,0.8672329
2022103007,1507,44912,Jonnu Smith,78,BEFORE_SNAP,2022-10-30 18:01:12.4,NE,left,74.35,17.67,0.45,0.26,0.04,283.52,323.06,0,44912.0,TE,1,1.0,0.0,0.0,0.0,3.0,0.0,0,5.973181067524992,2.8908476265621443,T,2.382015952927261,DE,Forward,0,11,2,3,0.8809704
2022103007,1507,44912,Jonnu Smith,79,BEFORE_SNAP,2022-10-30 18:01:12.5,NE,left,74.33,17.71,0.41,0.12,0.04,284.64,327.19,0,44912.0,TE,1,1.0,0.0,0.0,0.0,3.0,0.0,0,5.929796976921667,2.851420698529066,T,2.334180798481558,DE,Forward,0,11,2,3,0.8963783
2022103007,1507,44912,Jonnu Smith,80,BEFORE_SNAP,2022-10-30 18:01:12.6,NE,left,74.31,17.74,0.37,0.31,0.04,283.06,335.41,0,44912.0,TE,1,1.0,0.0,0.0,0.0,3.0,0.0,0,5.905971126823744,2.82177249260106,T,2.3083543922023813,DE,Forward,0,11,2,3,0.90393454
2022103007,1507,44912,Jonnu Smith,81,BEFORE_SNAP,2022-10-30 18:01:12.7,NE,left,74.3,17.77,0.3,0.62,0.03,281.4,341.85,0,44912.0,TE,1,1.0,0.0,0.0,0.0,3.0,0.0,0,5.874529342694437,2.7821754078418577,T,2.2808989455914035,DE,Forward,0,11,2,3,0.9102267
2022103007,1507,44912,Jonnu Smith,82,BEFORE_SNAP,2022-10-30 18:01:12.8,NE,left,74.3,17.8,0.29,0.87,0.03,281.4,9.27,0,44912.0,TE,1,1.0,0.0,0.0,0.0,3.0,0.0,0,5.845219840557327,2.7521991207032968,T,2.2638462845343583,DE,Forward,0,11,2,3,0.90746
2022103007,1507,44912,Jonnu Smith,83,BEFORE_SNAP,2022-10-30 18:01:12.9,NE,left,74.32,17.83,0.36,1.08,0.03,280.1,39.3,0,44912.0,TE,1,1.0,0.0,0.0,0.0,3.0,0.0,0,5.820248693023505,2.73148311362161,T,2.2671788636982257,DE,Forward,0,11,2,3,0.9026255
2022103007,1507,44912,Jonnu Smith,84,BEFORE_SNAP,2022-10-30 18:01:13,NE,left,74.35,17.85,0.44,1.11,0.04,276.98,59.92,0,44912.0,TE,1,1.0,0.0,0.0,0.0,3.0,0.0,0,5.807374161906656,2.7006665843824553,T,2.2811619846034517,DE,Forward,0,11,2,3,0.9007109
2022103007,1507,44912,Jonnu Smith,85,BEFORE_SNAP,2022-10-30 18:01:13.1,NE,left,74.39,17.87,0.49,0.94,0.04,274.54,69.52,0,44912.0,TE,1,1.0,0.0,0.0,0.0,3.0,0.0,0,5.799318935001237,2.680074625826676,T,2.3070543990118715,DE,Forward,0,11,2,3,0.89724976
2022103007,1507,44912,Jonnu Smith,86,BEFORE_SNAP,2022-10-30 18:01:13.2,NE,left,74.44,17.88,0.53,0.73,0.05,271.74,75.62,0,44912.0,TE,1,1.0,0.0,0.0,0.0,3.0,0.0,0,5.801456714803061,2.6701685340067973,T,2.334523505985744,DE,Forward,0,11,2,3,0.88738734
2022103007,1507,44912,Jonnu Smith,87,BEFORE_SNAP,2022-10-30 18:01:13.3,NE,left,74.47,17.9,0.39,0.19,0.03,267.0,69.45,0,44912.0,TE,1,1.0,0.0,0.0,0.0,3.0,0.0,0,5.789386837105171,2.6506791582536,T,2.3522754940695227,DE,Forward,0,11,2,3,0.8902306
2022103007,1507,44912,Jonnu Smith,88,BEFORE_SNAP,2022-10-30 18:01:13.4,NE,left,74.5,17.91,0.36,0.35,0.04,263.58,76.26,0,44912.0,TE,1,1.0,0.0,0.0,0.0,3.0,0.0,0,5.787192746931567,2.6415336454416027,T,2.360275407659024,DE,Forward,0,11,2,3,0.8880903
2022103007,1507,44912,Jonnu Smith,89,BEFORE_SNAP,2022-10-30 18:01:13.5,NE,left,74.53,17.91,0.24,0.63,0.02,261.09,83.86,0,44912.0,TE,1,1.0,0.0,0.0,0.0,3.0,0.0,0,5.79483389194252,2.632736219221363,T,2.3792856070678066,DE,Forward,0,11,2,3,0.87890816
2022103007,1507,44912,Jonnu Smith,90,BEFORE_SNAP,2022-10-30 18:01:13.6,NE,left,74.54,17.91,0.12,0.88,0.01,259.77,90.73,0,44912.0,TE,1,1.0,0.0,0.0,0.0,3.0,0.0,0,5.797413200462355,2.63321096762109,T,2.3792856070678066,DE,Forward,0,11,2,3,0.86513776
2022103007,1507,44912,Jonnu Smith,91,BEFORE_SNAP,2022-10-30 18:01:13.7,NE,left,74.55,17.91,0.05,0.9,0.01,259.77,139.34,0,44912.0,TE,1,1.0,0.0,0.0,0.0,3.0,0.0,0,5.800008603319878,2.633723599772762,T,2.379285607067793,DE,Forward,0,11,2,3,0.86230636
2022103007,1507,44912,Jonnu Smith,92,BEFORE_SNAP,2022-10-30 18:01:13.8,NE,left,74.54,17.91,0.09,0.96,0.0,259.77,230.42,0,44912.0,TE,1,1.0,0.0,0.0,0.0,3.0,0.0,0,5.797413200462355,2.63321096762109,T,2.3503191272676176,DE,Forward,0,11,2,3,0.86896306
2022103007,1507,44912,Jonnu Smith,93,BEFORE_SNAP,2022-10-30 18:01:13.9,NE,left,74.53,17.9,0.18,0.88,0.01,261.42,248.52,0,44912.0,TE,1,1.0,0.0,0.0,0.0,3.0,0.0,0,5.804498241862371,2.6527155897306467,T,2.3323807579381275,DE,Forward,0,11,2,3,0.8817019
2022103007,1507,44912,Jonnu Smith,94,BEFORE_SNAP,2022-10-30 18:01:14,NE,left,74.52,17.9,0.23,0.66,0.02,262.42,250.56,line_set,44912.0,TE,1,1.0,0.0,0.0,0.0,3.0,0.0,0,5.80193931871869,2.652282036284982,T,2.320452542070191,DE,Forward,0,11,2,3,0.89464265
2022103007,1507,44912,Jonnu Smith,95,BEFORE_SNAP,2022-10-30 18:01:14.1,NE,left,74.5,17.89,0.23,0.34,0.02,263.46,255.78,0,44912.0,TE,1,1.0,0.0,0.0,0.0,3.0,0.0,0,5.806548019201477,2.6615221208924793,T,2.2915715131760575,DE,Forward,0,11,2,3,0.91069114
2022103007,1507,44912,Jonnu Smith,96,BEFORE_SNAP,2022-10-30 18:01:14.2,NE,left,74.48,17.89,0.23,0.17,0.02,264.06,249.01,0,44912.0,TE,1,1.0,0.0,0.0,0.0,3.0,0.0,0,5.801551511097157,2.66092089322475,T,2.27167339201744,DE,Forward,0,11,2,3,0.9164465
2022103007,1507,44912,Jonnu Smith,97,BEFORE_SNAP,2022-10-30 18:01:14.3,NE,left,74.46,17.88,0.22,0.06,0.02,264.97,248.78,0,44912.0,TE,1,1.0,0.0,0.0,0.0,3.0,0.0,0,5.806315525108192,2.6704681237565837,T,2.2428776159211083,DE,Forward,0,11,2,3,0.92304534
2022103007,1507,44912,Jonnu Smith,98,BEFORE_SNAP,2022-10-30 18:01:14.4,NE,left,74.45,17.87,0.19,0.02,0.01,265.71,248.65,0,44912.0,TE,1,1.0,0.0,0.0,0.0,3.0,0.0,0,5.8135789321209534,2.6802984908401526,T,2.224095321698248,DE,Forward,0,11,2,3,0.92814034
2022103007,1507,44912,Jonnu Smith,99,BEFORE_SNAP,2022-10-30 18:01:14.5,NE,left,74.44,17.85,0.18,0.05,0.02,265.71,234.56,0,44912.0,TE,1,1.0,0.0,0.0,0.0,3.0,0.0,0,5.823281157765285,2.7001666615229505,T,2.214158982548456,DE,Forward,0,11,2,3,0.9301174
2022103007,1507,44912,Jonnu Smith,100,BEFORE_SNAP,2022-10-30 18:01:14.6,NE,left,74.42,17.86,0.15,0.07,0.01,265.71,242.6,0,44912.0,TE,1,1.0,0.0,0.0,0.0,3.0,0.0,0,5.808760917231497,2.690018587296379,T,2.183231549790358,DE,Forward,0,11,2,3,0.9361678
2022103007,1507,44912,Jonnu Smith,101,BEFORE_SNAP,2022-10-30 18:01:14.7,NE,left,74.42,17.86,0.12,0.08,0.01,265.71,249.32,0,44912.0,TE,1,1.0,0.0,0.0,0.0,3.0,0.0,0,5.808760917231497,2.6900743484149294,T,2.1732924331529766,DE,Forward,0,11,2,3,0.9371944
2022103007,1507,44912,Jonnu Smith,102,BEFORE_SNAP,2022-10-30 18:01:14.8,NE,left,74.41,17.86,0.11,0.08,0.01,265.71,252.76,0,44912.0,TE,1,1.0,0.0,0.0,0.0,3.0,0.0,0,5.806376096081103,2.6900000000000013,T,2.1557365330670635,DE,Forward,0,11,2,3,0.93993104
2022103007,1507,44912,Jonnu Smith,103,BEFORE_SNAP,2022-10-30 18:01:14.9,NE,left,74.4,17.86,0.09,0.08,0.0,266.51,254.19,0,44912.0,TE,1,1.0,0.0,0.0,0.0,3.0,0.0,0,5.8040075245237235,2.690018587296379,T,2.1346896729969953,DE,Forward,0,11,2,3,0.94214207
2022103007,1507,44912,Jonnu Smith,104,BEFORE_SNAP,2022-10-30 18:01:15,NE,left,74.4,17.85,0.08,0.07,0.01,267.46,244.68,0,44912.0,TE,1,1.0,0.0,0.0,0.0,3.0,0.0,0,5.8137254273596355,2.700018518455012,T,2.1358838919754084,DE,Forward,0,11,2,3,0.94280833
2022103007,1507,44912,Jonnu Smith,105,BEFORE_SNAP,2022-10-30 18:01:15.1,NE,left,74.4,17.85,0.06,0.06,0.0,268.7,243.92,0,44912.0,TE,1,1.0,0.0,0.0,0.0,3.0,0.0,0,5.8137254273596355,2.700018518455012,T,2.147044480209956,DE,Forward,0,11,2,3,0.9401846
2022103007,1507,44912,Jonnu Smith,106,BEFORE_SNAP,2022-10-30 18:01:15.2,NE,left,74.4,17.84,0.05,0.05,0.01,269.54,235.18,0,44912.0,TE,1,1.0,0.0,0.0,0.0,3.0,0.0,0,5.823444285363087,2.710018450121697,T,2.1569654610122995,DE,Forward,0,11,2,3,0.93950754
2022103007,1507,44912,Jonnu Smith,107,BEFORE_SNAP,2022-10-30 18:01:15.3,NE,left,74.4,17.83,0.05,0.05,0.01,269.54,229.03,0,44912.0,TE,1,1.0,0.0,0.0,0.0,3.0,0.0,0,5.83316409375975,2.720018382290828,T,2.1582400237230344,DE,Forward,0,11,2,3,0.9393006
2022103007,1507,44912,Jonnu Smith,108,BEFORE_SNAP,2022-10-30 18:01:15.4,NE,left,74.4,17.83,0.04,0.04,0.0,271.7,233.39,0,44912.0,TE,1,1.0,0.0,0.0,0.0,3.0,0.0,0,5.83316409375975,2.7200735284179385,T,2.1582400237230344,DE,Forward,0,11,2,3,0.93848693
2022103007,1507,44912,Jonnu Smith,109,BEFORE_SNAP,2022-10-30 18:01:15.5,NE,left,74.39,17.83,0.04,0.04,0.01,272.83,233.91,0,44912.0,TE,1,1.0,0.0,0.0,0.0,3.0,0.0,0,5.830823554208611,2.73016483018883,T,2.1681558984538047,DE,Forward,0,11,2,3,0.9380677
2022103007,1507,44912,Jonnu Smith,110,BEFORE_SNAP,2022-10-30 18:01:15.6,NE,left,74.39,17.83,0.03,0.04,0.0,272.83,230.73,0,44912.0,TE,1,1.0,0.0,0.0,0.0,3.0,0.0,0,5.830823554208611,2.73016483018883,T,2.1681558984538047,DE,Forward,0,11,2,3,0.9370516
2022103007,1507,44912,Jonnu Smith,111,BEFORE_SNAP,2022-10-30 18:01:15.7,NE,left,74.38,17.82,0.03,0.04,0.01,272.83,228.46,0,44912.0,TE,1,1.0,0.0,0.0,0.0,3.0,0.0,0,5.838227753000035,2.740291955248563,T,2.159560140398966,DE,Forward,0,11,2,3,0.9393626
2022103007,1507,44912,Jonnu Smith,112,BEFORE_SNAP,2022-10-30 18:01:15.8,NE,left,74.39,17.82,0.03,0.03,0.01,272.83,222.96,0,44912.0,TE,1,1.0,0.0,0.0,0.0,3.0,0.0,0,5.84054820374885,2.740291955248563,T,2.1609257275528937,DE,Forward,0,11,2,3,0.939266
2022103007,1507,44912,Jonnu Smith,113,BEFORE_SNAP,2022-10-30 18:01:15.9,NE,left,74.39,17.82,0.02,0.03,0.0,274.08,218.07,0,44912.0,TE,1,1.0,0.0,0.0,0.0,3.0,0.0,0,5.84054820374885,2.740291955248563,T,2.1694699813548985,DE,Forward,0,11,2,3,0.93687785
2022103007,1507,44912,Jonnu Smith,114,BEFORE_SNAP,2022-10-30 18:01:16,NE,left,74.39,17.81,0.02,0.02,0.0,274.08,214.01,0,44912.0,TE,1,1.0,0.0,0.0,0.0,3.0,0.0,0,5.85027378165449,2.7502908937056096,T,2.170829334609247,DE,Forward,0,11,2,3,0.93683505
2022103007,1507,44912,Jonnu Smith,115,BEFORE_SNAP,2022-10-30 18:01:16.1,NE,left,74.39,17.82,0.02,0.02,0.0,274.8,215.56,0,44912.0,TE,1,1.0,0.0,0.0,0.0,3.0,0.0,0,5.84054820374885,2.740291955248563,T,2.1780725424099137,DE,Forward,0,11,2,3,0.93563825
2022103007,1507,44912,Jonnu Smith,116,BEFORE_SNAP,2022-10-30 18:01:16.2,NE,left,74.4,17.82,0.01,0.02,0.01,274.8,208.6,0,44912.0,TE,1,1.0,0.0,0.0,0.0,3.0,0.0,0,5.842884847806603,2.740164228654916,T,2.1879899451322915,DE,Forward,0,11,2,3,0.9346598
2022103007,1507,44912,Jonnu Smith,117,BEFORE_SNAP,2022-10-30 18:01:16.3,NE,left,74.4,17.81,0.01,0.01,0.0,275.7,201.47,0,44912.0,TE,1,1.0,0.0,0.0,0.0,3.0,0.0,0,5.8526065427916825,2.7601630386627543,T,2.1892921230388622,DE,Forward,0,11,2,3,0.93397063
2022103007,1507,44912,Jonnu Smith,118,BEFORE_SNAP,2022-10-30 18:01:16.4,NE,left,74.41,17.83,0.01,0.01,0.01,275.7,202.0,0,44912.0,TE,1,1.0,0.0,0.0,0.0,3.0,0.0,0,5.835520831009178,2.7401642286549195,T,2.1954498400100078,DE,Forward,0,11,2,3,0.9337828
2022103007,1507,44912,Jonnu Smith,119,BEFORE_SNAP,2022-10-30 18:01:16.5,NE,left,74.41,17.83,0.01,0.01,0.0,275.7,204.5,0,44912.0,TE,1,1.0,0.0,0.0,0.0,3.0,0.0,0,5.835520831009178,2.7401642286549195,T,2.1966565503054793,DE,Forward,0,11,2,3,0.9326415
2022103007,1507,44912,Jonnu Smith,120,BEFORE_SNAP,2022-10-30 18:01:16.6,NE,left,74.41,17.83,0.0,0.01,0.0,276.3,203.8,0,44912.0,TE,1,1.0,0.0,0.0,0.0,3.0,0.0,0,5.835520831009178,2.73016483018883,T,2.1966565503054793,DE,Forward,0,11,2,3,0.9322201
2022103007,1507,44912,Jonnu Smith,121,BEFORE_SNAP,2022-10-30 18:01:16.7,NE,left,74.41,17.84,0.0,0.0,0.01,277.33,197.12,0,44912.0,TE,1,1.0,0.0,0.0,0.0,3.0,0.0,0,5.825804954608593,2.7201654361453813,T,2.1954498400100078,DE,Forward,0,11,2,3,0.9335692
2022103007,1507,44912,Jonnu Smith,122,BEFORE_SNAP,2022-10-30 18:01:16.8,NE,left,74.42,17.84,0.0,0.0,0.0,278.39,176.49,0,44912.0,TE,1,1.0,0.0,0.0,0.0,3.0,0.0,0,5.828181825711695,2.720073528417935,T,2.205379785887227,DE,Forward,0,11,2,3,0.93080837
2022103007,1507,44912,Jonnu Smith,123,BEFORE_SNAP,2022-10-30 18:01:16.9,NE,left,74.42,17.84,0.0,0.0,0.0,278.39,155.57,0,44912.0,TE,1,1.0,0.0,0.0,0.0,3.0,0.0,0,5.8305753917967085,2.7300732590903127,T,2.205379785887227,DE,Forward,0,11,2,3,0.9310147
2022103007,1507,44912,Jonnu Smith,124,BEFORE_SNAP,2022-10-30 18:01:17,NE,left,74.42,17.84,0.0,0.0,0.0,279.35,142.11,0,44912.0,TE,1,1.0,0.0,0.0,0.0,3.0,0.0,0,5.8305753917967085,2.7300732590903127,T,2.2065810658119926,DE,Forward,0,11,2,3,0.93079984
2022103007,1507,44912,Jonnu Smith,125,BEFORE_SNAP,2022-10-30 18:01:17.1,NE,left,74.42,17.84,0.0,0.0,0.0,279.35,113.84,0,44912.0,TE,1,1.0,0.0,0.0,0.0,3.0,0.0,0,5.8305753917967085,2.7300732590903127,T,2.2065810658119926,DE,Forward,0,11,2,3,0.93079984
2022103007,1507,44912,Jonnu Smith,126,BEFORE_SNAP,2022-10-30 18:01:17.2,NE,left,74.42,17.85,0.0,0.0,0.01,279.35,68.8,0,44912.0,TE,1,1.0,0.0,0.0,0.0,3.0,0.0,0,5.820868440312435,2.720073528417935,T,2.2053797858872266,DE,Forward,0,11,2,3,0.9319748
2022103007,1507,44912,Jonnu Smith,127,BEFORE_SNAP,2022-10-30 18:01:17.3,NE,left,74.43,17.86,0.0,0.0,0.01,279.35,49.16,0,44912.0,TE,1,1.0,0.0,0.0,0.0,3.0,0.0,0,5.813579746297803,2.710018450121697,T,2.214158982548456,DE,Forward,0,11,2,3,0.9303441
2022103007,1507,44912,Jonnu Smith,128,BEFORE_SNAP,2022-10-30 18:01:17.4,NE,left,74.43,17.85,0.0,0.0,0.0,279.35,59.03,0,44912.0,TE,1,1.0,0.0,0.0,0.0,3.0,0.0,0,5.823281675014872,2.7200183822908244,T,2.206581065812007,DE,Forward,0,11,2,3,0.930734
2022103007,1507,44912,Jonnu Smith,129,BEFORE_SNAP,2022-10-30 18:01:17.5,NE,left,74.42,17.85,0.0,0.0,0.01,279.35,77.01,0,44912.0,TE,1,1.0,0.0,0.0,0.0,3.0,0.0,0,5.820868440312435,2.720073528417935,T,2.196656550305493,DE,Forward,0,11,2,3,0.9334968
2022103007,1507,44912,Jonnu Smith,130,BEFORE_SNAP,2022-10-30 18:01:17.6,NE,left,74.42,17.85,0.0,0.0,0.0,280.41,72.86,0,44912.0,TE,1,1.0,0.0,0.0,0.0,3.0,0.0,0,5.818470881043927,2.720073528417935,T,2.196656550305493,DE,Forward,0,11,2,3,0.9326301
2022103007,1507,44912,Jonnu Smith,131,BEFORE_SNAP,2022-10-30 18:01:17.7,NE,left,74.42,17.84,0.0,0.0,0.01,280.41,109.83,0,44912.0,TE,1,1.0,0.0,0.0,0.0,3.0,0.0,0,5.828181825711695,2.7300732590903127,T,2.1979080963498063,DE,Forward,0,11,2,3,0.933342
2022103007,1507,44912,Jonnu Smith,132,BEFORE_SNAP,2022-10-30 18:01:17.8,NE,left,74.42,17.84,0.0,0.0,0.0,280.41,109.32,0,44912.0,TE,1,1.0,0.0,0.0,0.0,3.0,0.0,0,5.828181825711695,2.7300732590903127,T,2.1879899451322915,DE,Forward,0,11,2,3,0.93412316
2022103007,1507,44912,Jonnu Smith,133,BEFORE_SNAP,2022-10-30 18:01:17.9,NE,left,74.42,17.84,0.0,0.0,0.0,280.41,110.14,0,44912.0,TE,1,1.0,0.0,0.0,0.0,3.0,0.0,0,5.828181825711695,2.7300732590903127,T,2.1879899451322915,DE,Forward,0,11,2,3,0.93412316
2022103007,1507,44912,Jonnu Smith,134,BEFORE_SNAP,2022-10-30 18:01:18,NE,left,74.43,17.84,0.0,0.0,0.0,280.41,96.69,0,44912.0,TE,1,1.0,0.0,0.0,0.0,3.0,0.0,0,5.830574878858017,2.73001831495688,T,2.1979080963498063,DE,Forward,0,11,2,3,0.93233585
2022103007,1507,44912,Jonnu Smith,135,BEFORE_SNAP,2022-10-30 18:01:18.1,NE,left,74.43,17.84,0.0,0.0,0.0,281.11,100.72,0,44912.0,TE,1,1.0,0.0,0.0,0.0,3.0,0.0,0,5.830574878858017,2.73001831495688,T,2.199204401596184,DE,Forward,0,11,2,3,0.9321081
2022103007,1507,44912,Jonnu Smith,136,BEFORE_SNAP,2022-10-30 18:01:18.2,NE,left,74.43,17.84,0.0,0.0,0.0,281.11,99.5,0,44912.0,TE,1,1.0,0.0,0.0,0.0,3.0,0.0,0,5.830574878858017,2.73001831495688,T,2.189292123038862,DE,Forward,0,11,2,3,0.9338319
2022103007,1507,44912,Jonnu Smith,137,BEFORE_SNAP,2022-10-30 18:01:18.3,NE,left,74.43,17.84,0.0,0.0,0.0,281.11,110.5,0,44912.0,TE,1,1.0,0.0,0.0,0.0,3.0,0.0,0,5.830574878858017,2.7300000000000004,T,2.189292123038862,DE,Forward,0,11,2,3,0.9338314
2022103007,1507,44912,Jonnu Smith,138,BEFORE_SNAP,2022-10-30 18:01:18.4,NE,left,74.43,17.84,0.0,0.0,0.0,281.11,111.17,0,44912.0,TE,1,1.0,0.0,0.0,0.0,3.0,0.0,0,5.830574878858017,2.7300000000000004,T,2.189292123038862,DE,Forward,0,11,2,3,0.9338314
2022103007,1507,44912,Jonnu Smith,139,BEFORE_SNAP,2022-10-30 18:01:18.5,NE,left,74.43,17.83,0.0,0.0,0.0,281.11,118.43,0,44912.0,TE,1,1.0,0.0,0.0,0.0,3.0,0.0,0,5.840282820032793,2.740000000000002,T,2.190639176131023,DE,Forward,0,11,2,3,0.9335942
2022103007,1507,44912,Jonnu Smith,140,BEFORE_SNAP,2022-10-30 18:01:18.6,NE,left,74.43,17.83,0.0,0.0,0.0,281.11,118.11,0,44912.0,TE,1,1.0,0.0,0.0,0.0,3.0,0.0,0,5.847606352596957,2.740000000000002,T,2.190639176131023,DE,Forward,0,11,2,3,0.93338925
2022103007,1507,44912,Jonnu Smith,141,BEFORE_SNAP,2022-10-30 18:01:18.7,NE,left,74.43,17.83,0.0,0.0,0.0,281.11,117.62,0,44912.0,TE,1,1.0,0.0,0.0,0.0,3.0,0.0,0,5.847606352596957,2.73001831495688,T,2.190639176131023,DE,Forward,0,11,2,3,0.93312263
2022103007,1507,44912,Jonnu Smith,142,BEFORE_SNAP,2022-10-30 18:01:18.8,NE,left,74.43,17.83,0.0,0.0,0.0,281.11,129.16,0,44912.0,TE,1,1.0,0.0,0.0,0.0,3.0,0.0,0,5.847606352596957,2.73001831495688,T,2.190639176131023,DE,Forward,0,11,2,3,0.93312263
2022103007,1507,44912,Jonnu Smith,143,BEFORE_SNAP,2022-10-30 18:01:18.9,NE,left,74.43,17.83,0.0,0.0,0.0,281.77,136.12,0,44912.0,TE,1,1.0,0.0,0.0,0.0,3.0,0.0,0,5.847606352596957,2.73001831495688,T,2.190639176131023,DE,Forward,0,11,2,3,0.93312263
2022103007,1507,44912,Jonnu Smith,144,BEFORE_SNAP,2022-10-30 18:01:19,NE,left,74.43,17.83,0.0,0.0,0.0,281.77,135.29,0,44912.0,TE,1,1.0,0.0,0.0,0.0,3.0,0.0,0,5.847606352596957,2.73001831495688,T,2.190639176131023,DE,Forward,0,11,2,3,0.93312263
2022103007,1507,44912,Jonnu Smith,145,BEFORE_SNAP,2022-10-30 18:01:19.1,NE,left,74.43,17.83,0.0,0.0,0.0,281.77,133.61,0,44912.0,TE,1,1.0,0.0,0.0,0.0,3.0,0.0,0,5.847606352596957,2.73001831495688,T,2.190639176131023,DE,Forward,0,11,2,3,0.93312263
2022103007,1507,44912,Jonnu Smith,146,BEFORE_SNAP,2022-10-30 18:01:19.2,NE,left,74.44,17.83,0.0,0.0,0.0,281.77,125.29,0,44912.0,TE,1,1.0,0.0,0.0,0.0,3.0,0.0,0,5.849991456115275,2.7300000000000004,T,2.200545386943875,DE,Forward,0,11,2,3,0.9313135
2022103007,1507,44912,Jonnu Smith,147,BEFORE_SNAP,2022-10-30 18:01:19.3,NE,left,74.44,17.83,0.0,0.0,0.0,281.77,124.87,0,44912.0,TE,1,1.0,0.0,0.0,0.0,3.0,0.0,0,5.849991456115275,2.7200000000000024,T,2.200545386943875,DE,Forward,0,11,2,3,0.9310386
2022103007,1507,44912,Jonnu Smith,148,BEFORE_SNAP,2022-10-30 18:01:19.4,NE,left,74.44,17.83,0.0,0.0,0.0,281.77,122.45,0,44912.0,TE,1,1.0,0.0,0.0,0.0,3.0,0.0,0,5.859701583346675,2.7200000000000024,T,2.190639176131023,DE,Forward,0,11,2,3,0.93251157
2022103007,1507,44912,Jonnu Smith,149,BEFORE_SNAP,2022-10-30 18:01:19.5,NE,left,74.44,17.83,0.0,0.0,0.0,281.77,128.6,0,44912.0,TE,1,1.0,0.0,0.0,0.0,3.0,0.0,0,5.859701583346675,2.7200000000000024,T,2.190639176131023,DE,Forward,0,11,2,3,0.93251157
2022103007,1507,44912,Jonnu Smith,150,BEFORE_SNAP,2022-10-30 18:01:19.6,NE,left,74.44,17.82,0.0,0.0,0.0,281.77,136.13,0,44912.0,TE,1,1.0,0.0,0.0,0.0,3.0,0.0,0,5.869412462506855,2.7300000000000004,T,2.190639176131023,DE,Forward,0,11,2,3,0.9325059
2022103007,1507,44912,Jonnu Smith,151,BEFORE_SNAP,2022-10-30 18:01:19.7,NE,left,74.44,17.82,0.0,0.0,0.0,281.77,132.02,0,44912.0,TE,1,1.0,0.0,0.0,0.0,3.0,0.0,0,5.869412462506855,2.7300000000000004,T,2.190639176131023,DE,Forward,0,11,2,3,0.9325059
2022103007,1507,44912,Jonnu Smith,152,BEFORE_SNAP,2022-10-30 18:01:19.8,NE,left,74.44,17.82,0.0,0.0,0.0,281.77,135.6,0,44912.0,TE,1,1.0,0.0,0.0,0.0,3.0,0.0,0,5.869412462506855,2.719999999999999,T,2.190639176131023,DE,Forward,0,11,2,3,0.9322354
2022103007,1507,44912,Jonnu Smith,153,BEFORE_SNAP,2022-10-30 18:01:19.9,NE,left,74.44,17.82,0.0,0.0,0.0,281.77,133.99,0,44912.0,TE,1,1.0,0.0,0.0,0.0,3.0,0.0,0,5.869412462506855,2.719999999999999,T,2.190639176131023,DE,Forward,0,11,2,3,0.9322354
2022103007,1507,44912,Jonnu Smith,154,BEFORE_SNAP,2022-10-30 18:01:20,NE,left,74.44,17.82,0.0,0.0,0.0,281.77,139.43,0,44912.0,TE,1,1.0,0.0,0.0,0.0,3.0,0.0,0,5.867034748033202,2.719999999999999,T,2.1807338214463465,DE,Forward,0,11,2,3,0.9340211
2022103007,1507,44912,Jonnu Smith,155,BEFORE_SNAP,2022-10-30 18:01:20.1,NE,left,74.44,17.81,0.0,0.0,0.0,281.77,140.31,0,44912.0,TE,1,1.0,0.0,0.0,0.0,3.0,0.0,0,5.876750525910072,2.7300000000000004,T,2.1835750502329856,DE,Forward,0,11,2,3,0.9335269
2022103007,1507,44912,Jonnu Smith,156,BEFORE_SNAP,2022-10-30 18:01:20.2,NE,left,74.44,17.82,0.0,0.0,0.0,281.77,140.24,0,44912.0,TE,1,1.0,0.0,0.0,0.0,3.0,0.0,0,5.876750748297456,2.719999999999999,T,2.1821319850091525,DE,Forward,0,11,2,3,0.9335097
2022103007,1507,44912,Jonnu Smith,157,BEFORE_SNAP,2022-10-30 18:01:20.3,NE,left,74.44,17.81,0.0,0.0,0.0,281.77,142.04,0,44912.0,TE,1,1.0,0.0,0.0,0.0,3.0,0.0,0,5.88646747815255,2.7300000000000004,T,2.1835750502329856,DE,Forward,0,11,2,3,0.9332545
2022103007,1507,44912,Jonnu Smith,158,BEFORE_SNAP,2022-10-30 18:01:20.4,NE,left,74.44,17.81,0.0,0.0,0.0,281.18,139.89,0,44912.0,TE,1,1.0,0.0,0.0,0.0,3.0,0.0,0,5.88646747815255,2.7300000000000004,T,2.1835750502329856,DE,Forward,0,11,2,3,0.9332545
2022103007,1507,44912,Jonnu Smith,159,BEFORE_SNAP,2022-10-30 18:01:20.5,NE,left,74.45,17.81,0.0,0.0,0.0,281.18,141.08,0,44912.0,TE,1,1.0,0.0,0.0,0.0,3.0,0.0,0,5.88883683848623,2.73001831495688,T,2.193467574412717,DE,Forward,0,11,2,3,0.93145263
2022103007,1507,44912,Jonnu Smith,160,BEFORE_SNAP,2022-10-30 18:01:20.6,NE,left,74.45,17.81,0.0,0.0,0.0,281.18,143.78,0,44912.0,TE,1,1.0,0.0,0.0,0.0,3.0,0.0,0,5.88883683848623,2.720018382290828,T,2.193467574412717,DE,Forward,0,11,2,3,0.9311783
2022103007,1507,44912,Jonnu Smith,161,BEFORE_SNAP,2022-10-30 18:01:20.7,NE,left,74.44,17.81,0.0,0.0,0.0,281.18,148.67,0,44912.0,TE,1,1.0,0.0,0.0,0.0,3.0,0.0,0,5.88646747815255,2.7200000000000024,T,2.1835750502329856,DE,Forward,0,11,2,3,0.9329868
2022103007,1507,44912,Jonnu Smith,162,BEFORE_SNAP,2022-10-30 18:01:20.8,NE,left,74.44,17.81,0.0,0.0,0.0,280.3,150.38,0,44912.0,TE,1,1.0,0.0,0.0,0.0,3.0,0.0,0,5.88646747815255,2.7200000000000024,T,2.1835750502329856,DE,Forward,0,11,2,3,0.9329868
2022103007,1507,44912,Jonnu Smith,163,BEFORE_SNAP,2022-10-30 18:01:20.9,NE,left,74.44,17.81,0.0,0.0,0.0,280.3,148.18,0,44912.0,TE,1,1.0,0.0,0.0,0.0,3.0,0.0,0,5.88646747815255,2.7200000000000024,T,2.1835750502329856,DE,Forward,0,11,2,3,0.9329868
2022103007,1507,44912,Jonnu Smith,164,BEFORE_SNAP,2022-10-30 18:01:21,NE,left,74.44,17.81,0.0,0.0,0.0,280.3,147.19,0,44912.0,TE,1,1.0,0.0,0.0,0.0,3.0,0.0,0,5.88646747815255,2.7200000000000024,T,2.1835750502329856,DE,Forward,0,11,2,3,0.9329868
2022103007,1507,44912,Jonnu Smith,165,BEFORE_SNAP,2022-10-30 18:01:21.1,NE,left,74.44,17.81,0.0,0.0,0.0,280.3,156.89,0,44912.0,TE,1,1.0,0.0,0.0,0.0,3.0,0.0,0,5.893837224612737,2.7200000000000024,T,2.1835750502329856,DE,Forward,0,11,2,3,0.9327788
2022103007,1507,44912,Jonnu Smith,166,BEFORE_SNAP,2022-10-30 18:01:21.2,NE,left,74.44,17.81,0.0,0.0,0.0,279.64,168.36,0,44912.0,TE,1,1.0,0.0,0.0,0.0,3.0,0.0,0,5.893837224612737,2.7200000000000024,T,2.1835750502329856,DE,Forward,0,11,2,3,0.9327788
2022103007,1507,44912,Jonnu Smith,167,BEFORE_SNAP,2022-10-30 18:01:21.3,NE,left,74.44,17.81,0.0,0.0,0.0,279.64,157.13,0,44912.0,TE,1,1.0,0.0,0.0,0.0,3.0,0.0,0,5.893837224612737,2.7200000000000024,T,2.1835750502329856,DE,Forward,0,11,2,3,0.9327788
2022103007,1507,44912,Jonnu Smith,168,BEFORE_SNAP,2022-10-30 18:01:21.4,NE,left,74.44,17.82,0.0,0.0,0.0,279.64,139.5,0,44912.0,TE,1,1.0,0.0,0.0,0.0,3.0,0.0,0,5.8841156694885095,2.710000000000001,T,2.1821319850091525,DE,Forward,0,11,2,3,0.9330359
2022103007,1507,44912,Jonnu Smith,169,BEFORE_SNAP,2022-10-30 18:01:21.5,NE,left,74.44,17.82,0.0,0.0,0.0,279.64,71.25,0,44912.0,TE,1,1.0,0.0,0.0,0.0,3.0,0.0,0,5.8841156694885095,2.710000000000001,T,2.1821319850091525,DE,Forward,0,11,2,3,0.9330359
2022103007,1507,44912,Jonnu Smith,170,BEFORE_SNAP,2022-10-30 18:01:21.6,NE,left,74.44,17.82,0.0,0.0,0.0,279.64,96.95,0,44912.0,TE,1,1.0,0.0,0.0,0.0,3.0,0.0,0,5.8841156694885095,2.710000000000001,T,2.1821319850091525,DE,Forward,0,11,2,3,0.9330359
2022103007,1507,44912,Jonnu Smith,171,BEFORE_SNAP,2022-10-30 18:01:21.7,NE,left,74.44,17.82,0.0,0.0,0.0,279.64,130.59,0,44912.0,TE,1,1.0,0.0,0.0,0.0,3.0,0.0,0,5.8841156694885095,2.710000000000001,T,2.1821319850091525,DE,Forward,0,11,2,3,0.9330359
2022103007,1507,44912,Jonnu Smith,172,BEFORE_SNAP,2022-10-30 18:01:21.8,NE,left,74.44,17.82,0.0,0.0,0.0,279.06,199.37,0,44912.0,TE,1,1.0,0.0,0.0,0.0,3.0,0.0,0,5.8841156694885095,2.710018450121697,T,2.1821319850091525,DE,Forward,0,11,2,3,0.9330364
2022103007,1507,44912,Jonnu Smith,173,BEFORE_SNAP,2022-10-30 18:01:21.9,NE,left,74.44,17.82,0.0,0.0,0.0,279.06,194.3,0,44912.0,TE,1,1.0,0.0,0.0,0.0,3.0,0.0,0,5.8841156694885095,2.710000000000001,T,2.1821319850091525,DE,Forward,0,11,2,3,0.9330359
2022103007,1507,44912,Jonnu Smith,174,BEFORE_SNAP,2022-10-30 18:01:22,NE,left,74.44,17.81,0.0,0.0,0.0,279.06,184.0,0,44912.0,TE,1,1.0,0.0,0.0,0.0,3.0,0.0,0,5.893837224612737,2.710000000000001,T,2.1835750502329856,DE,Forward,0,11,2,3,0.9325094
2022103007,1507,44912,Jonnu Smith,175,BEFORE_SNAP,2022-10-30 18:01:22.1,NE,left,74.44,17.81,0.0,0.0,0.0,279.06,202.39,0,44912.0,TE,1,1.0,0.0,0.0,0.0,3.0,0.0,0,5.893837224612737,2.710018450121697,T,2.175178153623276,DE,Forward,0,11,2,3,0.9339647
2022103007,1507,44912,Jonnu Smith,176,BEFORE_SNAP,2022-10-30 18:01:22.2,NE,left,74.44,17.81,0.0,0.0,0.0,279.06,207.3,0,44912.0,TE,1,1.0,0.0,0.0,0.0,3.0,0.0,0,5.893837224612737,2.710018450121697,T,2.175178153623276,DE,Forward,0,11,2,3,0.9339647
2022103007,1507,44912,Jonnu Smith,177,SNAP,2022-10-30 18:01:22.3,NE,left,74.44,17.81,0.0,0.0,0.0,279.06,202.59,ball_snap,44912.0,TE,1,1.0,0.0,0.0,0.0,3.0,0.0,0,5.937414972535843,2.710018450121697,T,2.175178153623276,DE,Forward,0,11,2,3,0.9327427
